atc_conc_ngmL,mean_repressors,mean_yfp,fold_change
0.0,0.9694098460343895,967115.0205596561,0.5519658474896012
1.0,6.983849286341481,330353.11629280454,0.18854390008322786
2.0,27.695280475815935,81888.23623723381,0.04673643646642682
3.0,83.7155755370151,36974.39851983873,0.02110256255001692
4.0,118.58130168472036,50796.57801957706,0.02899135639514968
6.0,177.24934511799208,24257.298849336636,0.013844475819881776
8.0,199.18562619428909,25832.346887424537,0.014743409976314304
10.0,200.8139563249041,30285.004871068777,0.01728469522706068
