bg,beta_1,tau_1,beta_2,tau_2
0.1650146613080776,0.700647908931387,5.380747874719895,0.09267269195618541,5.010983718746269
