atc_conc_ngmL,mean_repressors,mean_yfp,fold_change
1.0,2.4457737614933053,42191.96473497205,0.5038114721438557
2.0,7.862240437123968,7467.965774917096,0.08917448747918338
3.0,15.478758882559807,2894.001554660767,0.03455708196569751
4.0,30.632197770288208,2550.109138551552,0.03045068527364013
6.0,50.7428378844637,1710.8717753384979,0.02042940719155945
10.0,71.35253663357317,1201.1331998039384,0.014342652432407118
